#source	target	label	color	attribute
Kiran Chandramohanan	Cal	Kiran Chandramohanan_Cal_cl_10	#FF0000	cl_10
stufte	Gilbert Hernandez	stufte_Gilbert Hernandez_cl_5	#00FF00	cl_5
iSchools iConference	Erik Wilde	iSchools iConference_Erik Wilde_cl_9	#FF3300	cl_9
iSchools iConference	iSchools	iSchools iConference_iSchools_cl_9	#FF3300	cl_9
Dan Perkel	danah boyd	Dan Perkel_danah boyd_cl_1	#0000FF	cl_1
Dan Perkel	Ryan McAdam	Dan Perkel_Ryan McAdam_cl_1	#0000FF	cl_1
Dan Perkel	Sarita Y Schoenebeck	Dan Perkel_Sarita Y Schoenebeck_cl_1	#0000FF	cl_1
Dan Perkel	Shawna Hein	Dan Perkel_Shawna Hein_cl_1	#0000FF	cl_1
Dan Perkel	Joseph Lorenzo Hall	Dan Perkel_Joseph Lorenzo Hall_cl_1	#0000FF	cl_1
Dan Perkel	Tapan Parikh	Dan Perkel_Tapan Parikh_cl_1	#0000FF	cl_1
Dan Perkel	Jenna Burrell	Dan Perkel_Jenna Burrell_cl_1	#0000FF	cl_1
Lazar Stojkovic	Cal	Lazar Stojkovic_Cal_cl_10	#FF0000	cl_10
Lazar Stojkovic	Seongtaek Lim	Lazar Stojkovic_Seongtaek Lim_cl_10	#FF0000	cl_10
Lazar Stojkovic	Mark Brazinski	Lazar Stojkovic_Mark Brazinski_cl_10	#FF0000	cl_10
Lazar Stojkovic	Bob Glushko	Lazar Stojkovic_Bob Glushko_cl_10	#FF0000	cl_10
Mike Lissner	ashkan soltani	Mike Lissner_ashkan soltani_cl_5	#00FF00	cl_5
Mike Lissner	Michael Manoochehri	Mike Lissner_Michael Manoochehri_cl_5	#00FF00	cl_5
Mike Lissner	Michael Porath	Mike Lissner_Michael Porath_cl_5	#00FF00	cl_5
Mike Lissner	Nick Doty	Mike Lissner_Nick Doty_cl_5	#00FF00	cl_5
Mike Lissner	Jess Hemerly	Mike Lissner_Jess Hemerly_cl_5	#00FF00	cl_5
Mike Lissner	Gilbert Hernandez	Mike Lissner_Gilbert Hernandez_cl_5	#00FF00	cl_5
Mike Lissner	Yuri Takhteyev	Mike Lissner_Yuri Takhteyev_cl_5	#00FF00	cl_5
Mike Lissner	Mohit Gupta	Mike Lissner_Mohit Gupta_cl_5	#00FF00	cl_5
Mike Lissner	R. Stuart Geiger	Mike Lissner_R. Stuart Geiger_cl_5	#00FF00	cl_5
Mike Lissner	Alex Smolen	Mike Lissner_Alex Smolen_cl_5	#00FF00	cl_5
Mike Lissner	Rachelle Annechino	Mike Lissner_Rachelle Annechino_cl_5	#00FF00	cl_5
Prabha Matta	UC Berkeley News	Prabha Matta_UC Berkeley News_cl_8	#800000	cl_8
Big Ideas@Berkeley	datascience@berkeley	Big Ideas@Berkeley_datascience@berkeley_cl_8	#800000	cl_8
Big Ideas@Berkeley	UC Berkeley News	Big Ideas@Berkeley_UC Berkeley News_cl_8	#800000	cl_8
Big Ideas@Berkeley	Acopio	Big Ideas@Berkeley_Acopio_cl_8	#800000	cl_8
Peter Sw	Katey Basye	Peter Sw_Katey Basye_cl_2	#008000	cl_2
Peter Sw	X to the M	Peter Sw_X to the M_cl_2	#008000	cl_2
Peter Sw	Brian Bloomer	Peter Sw_Brian Bloomer_cl_2	#008000	cl_2
Peter Sw	Seema Hari	Peter Sw_Seema Hari_cl_2	#008000	cl_2
Peter Sw	Shaun Guice	Peter Sw_Shaun Guice_cl_2	#008000	cl_2
Peter Sw	Chalenge	Peter Sw_Chalenge_cl_2	#008000	cl_2
Peter Sw	raymonst	Peter Sw_raymonst_cl_2	#008000	cl_2
Peter Sw	Jake Hartnell	Peter Sw_Jake Hartnell_cl_2	#008000	cl_2
Peter Sw	Jason Ost	Peter Sw_Jason Ost_cl_2	#008000	cl_2
Peter Sw	I School Hackathon	Peter Sw_I School Hackathon_cl_2	#008000	cl_2
Erik Wilde	iSchools	Erik Wilde_iSchools_cl_9	#FF3300	cl_9
Erik Wilde	Raymond Yee	Erik Wilde_Raymond Yee_cl_9	#FF3300	cl_9
Erik Wilde	Epub.js	Erik Wilde_Epub.js_cl_9	#FF3300	cl_9
Joseph Lorenzo Hall	danah boyd	Joseph Lorenzo Hall_danah boyd_cl_1	#0000FF	cl_1
Joseph Lorenzo Hall	ManoMarks	Joseph Lorenzo Hall_ManoMarks_cl_1	#0000FF	cl_1
Joseph Lorenzo Hall	Emily Barabas	Joseph Lorenzo Hall_Emily Barabas_cl_1	#0000FF	cl_1
DailyVote	Elaine Sedenberg	DailyVote_Elaine Sedenberg_cl_6	#000080	cl_6
DailyVote	Galen Panger	DailyVote_Galen Panger_cl_6	#000080	cl_6
Claire@Berkeley	UC Berkeley News	Claire@Berkeley_UC Berkeley News_cl_8	#800000	cl_8
div	berkeleyByte	div_berkeleyByte_cl_9	#FF3300	cl_9
div	Raymond Yee	div_Raymond Yee_cl_9	#FF3300	cl_9
Arthur Che	Laura Wishingrad	Arthur Che_Laura Wishingrad_cl_10	#FF0000	cl_10
Arthur Che	Meredith Hitchcock	Arthur Che_Meredith Hitchcock_cl_10	#FF0000	cl_10
Arthur Che	Dan Byler	Arthur Che_Dan Byler_cl_10	#FF0000	cl_10
David Thaw	The Tweetserve	David Thaw_The Tweetserve_cl_10	#FF0000	cl_10
Chan	ManoMarks	Chan_ManoMarks_cl_1	#0000FF	cl_1
Suhaib Syed	Shaun Guice	Suhaib Syed_Shaun Guice_cl_2	#008000	cl_2
Suhaib Syed	Shreyas	Suhaib Syed_Shreyas_cl_2	#008000	cl_2
Suhaib Syed	InfoCamp Berkeley	Suhaib Syed_InfoCamp Berkeley_cl_2	#008000	cl_2
Meredith Hitchcock	Cal	Meredith Hitchcock_Cal_cl_10	#FF0000	cl_10
R. Stuart Geiger	Jess Hemerly	R. Stuart Geiger_Jess Hemerly_cl_5	#00FF00	cl_5
R. Stuart Geiger	Anno Saxenian	R. Stuart Geiger_Anno Saxenian_cl_5	#00FF00	cl_5
R. Stuart Geiger	Mohit Gupta	R. Stuart Geiger_Mohit Gupta_cl_5	#00FF00	cl_5
R. Stuart Geiger	Paul D Goodman	R. Stuart Geiger_Paul D Goodman_cl_5	#00FF00	cl_5
R. Stuart Geiger	Prayag Narula	R. Stuart Geiger_Prayag Narula_cl_5	#00FF00	cl_5
R. Stuart Geiger	Geoffrey Nunberg	R. Stuart Geiger_Geoffrey Nunberg_cl_5	#00FF00	cl_5
R. Stuart Geiger	ashkan soltani	R. Stuart Geiger_ashkan soltani_cl_5	#00FF00	cl_5
R. Stuart Geiger	Airi Lampinen	R. Stuart Geiger_Airi Lampinen_cl_5	#00FF00	cl_5
R. Stuart Geiger	Michael Porath	R. Stuart Geiger_Michael Porath_cl_5	#00FF00	cl_5
R. Stuart Geiger	nicolewong	R. Stuart Geiger_nicolewong_cl_5	#00FF00	cl_5
R. Stuart Geiger	Leslie Tom	R. Stuart Geiger_Leslie Tom_cl_5	#00FF00	cl_5
Epub.js	FuturePress	Epub.js_FuturePress_cl_9	#FF3300	cl_9
Epub.js	Raymond Yee	Epub.js_Raymond Yee_cl_9	#FF3300	cl_9
Data Just Right	Michael Manoochehri	Data Just Right_Michael Manoochehri_cl_5	#00FF00	cl_5
Abrahm Coffman	Annette Greiner	Abrahm Coffman_Annette Greiner_cl_3	#FF6600	cl_3
Patrick Riley	Cal	Patrick Riley_Cal_cl_10	#FF0000	cl_10
Brian W. Carver	Kim Norlen	Brian W. Carver_Kim Norlen_cl_7	#FFCC00	cl_7
Brian W. Carver	Free Law Project	Brian W. Carver_Free Law Project_cl_7	#FFCC00	cl_7
Brian W. Carver	Corey Hyllested	Brian W. Carver_Corey Hyllested_cl_7	#FFCC00	cl_7
ashkan soltani	Michael Manoochehri	ashkan soltani_Michael Manoochehri_cl_5	#00FF00	cl_5
ashkan soltani	Mohit Gupta	ashkan soltani_Mohit Gupta_cl_5	#00FF00	cl_5
Geoffrey Nunberg	Prayag Narula	Geoffrey Nunberg_Prayag Narula_cl_5	#00FF00	cl_5
Geoffrey Nunberg	Michael Porath	Geoffrey Nunberg_Michael Porath_cl_5	#00FF00	cl_5
Geoffrey Nunberg	Jess Hemerly	Geoffrey Nunberg_Jess Hemerly_cl_5	#00FF00	cl_5
Geoffrey Nunberg	Anno Saxenian	Geoffrey Nunberg_Anno Saxenian_cl_5	#00FF00	cl_5
Geoffrey Nunberg	nicolewong	Geoffrey Nunberg_nicolewong_cl_5	#00FF00	cl_5
Geoffrey Nunberg	Alex Smolen	Geoffrey Nunberg_Alex Smolen_cl_5	#00FF00	cl_5
Geoffrey Nunberg	Paul D Goodman	Geoffrey Nunberg_Paul D Goodman_cl_5	#00FF00	cl_5
AJ Renold	Seema Hari	AJ Renold_Seema Hari_cl_2	#008000	cl_2
AJ Renold	I School Hackathon	AJ Renold_I School Hackathon_cl_2	#008000	cl_2
AJ Renold	Charles Wang	AJ Renold_Charles Wang_cl_2	#008000	cl_2
AJ Renold	Divya	AJ Renold_Divya_cl_2	#008000	cl_2
AJ Renold	Shaun Guice	AJ Renold_Shaun Guice_cl_2	#008000	cl_2
AJ Renold	Shreyas	AJ Renold_Shreyas_cl_2	#008000	cl_2
AJ Renold	D-Lab	AJ Renold_D-Lab_cl_2	#008000	cl_2
AJ Renold	Isha Dandavate	AJ Renold_Isha Dandavate_cl_2	#008000	cl_2
AJ Renold	Jake Hartnell	AJ Renold_Jake Hartnell_cl_2	#008000	cl_2
AJ Renold	raymonst	AJ Renold_raymonst_cl_2	#008000	cl_2
AJ Renold	Dave Lester	AJ Renold_Dave Lester_cl_2	#008000	cl_2
AJ Renold	Arezu Aghaseyedjavad	AJ Renold_Arezu Aghaseyedjavad_cl_2	#008000	cl_2
AJ Renold	Jason Ost	AJ Renold_Jason Ost_cl_2	#008000	cl_2
AJ Renold	InfoCamp Berkeley	AJ Renold_InfoCamp Berkeley_cl_2	#008000	cl_2
AJ Renold	Scott Martin&#8480;	AJ Renold_Scott Martin&#8480;_cl_2	#008000	cl_2
Shao	Kate Hsiao	Shao_Kate Hsiao_cl_1	#0000FF	cl_1
Masks We Wear	Alex Smolen	Masks We Wear_Alex Smolen_cl_5	#00FF00	cl_5
honestyhuang	tanushree	honestyhuang_tanushree_cl_7	#FFCC00	cl_7
raymonst	Isha Dandavate	raymonst_Isha Dandavate_cl_2	#008000	cl_2
raymonst	Chalenge	raymonst_Chalenge_cl_2	#008000	cl_2
raymonst	Shreyas	raymonst_Shreyas_cl_2	#008000	cl_2
raymonst	Katey Basye	raymonst_Katey Basye_cl_2	#008000	cl_2
raymonst	Divya	raymonst_Divya_cl_2	#008000	cl_2
raymonst	D-Lab	raymonst_D-Lab_cl_2	#008000	cl_2
raymonst	Jason Ost	raymonst_Jason Ost_cl_2	#008000	cl_2
raymonst	Arezu Aghaseyedjavad	raymonst_Arezu Aghaseyedjavad_cl_2	#008000	cl_2
raymonst	Shaun Guice	raymonst_Shaun Guice_cl_2	#008000	cl_2
raymonst	Jake Hartnell	raymonst_Jake Hartnell_cl_2	#008000	cl_2
raymonst	InfoCamp Berkeley	raymonst_InfoCamp Berkeley_cl_2	#008000	cl_2
raymonst	Scott Martin&#8480;	raymonst_Scott Martin&#8480;_cl_2	#008000	cl_2
Jason Ost	Brian Bloomer	Jason Ost_Brian Bloomer_cl_2	#008000	cl_2
Jason Ost	Divya	Jason Ost_Divya_cl_2	#008000	cl_2
Jason Ost	Shreyas	Jason Ost_Shreyas_cl_2	#008000	cl_2
Jason Ost	Shaun Guice	Jason Ost_Shaun Guice_cl_2	#008000	cl_2
Jason Ost	InfoCamp Berkeley	Jason Ost_InfoCamp Berkeley_cl_2	#008000	cl_2
Pablo Arvizu	E.K.	Pablo Arvizu_E.K._cl_3	#FF6600	cl_3
Juan Shishido	iSchools	Juan Shishido_iSchools_cl_9	#FF3300	cl_9
Cal New Media	berkeleyByte	Cal New Media_berkeleyByte_cl_9	#FF3300	cl_9
Cal New Media	CITRIS	Cal New Media_CITRIS_cl_9	#FF3300	cl_9
Cal New Media	Raymond Yee	Cal New Media_Raymond Yee_cl_9	#FF3300	cl_9
BerkeleyBitcoin	Arezu Aghaseyedjavad	BerkeleyBitcoin_Arezu Aghaseyedjavad_cl_2	#008000	cl_2
BerkeleyBitcoin	Brian Bloomer	BerkeleyBitcoin_Brian Bloomer_cl_2	#008000	cl_2
Charles Wang	Seema Hari	Charles Wang_Seema Hari_cl_2	#008000	cl_2
Charles Wang	Isha Dandavate	Charles Wang_Isha Dandavate_cl_2	#008000	cl_2
Charles Wang	InfoCamp Berkeley	Charles Wang_InfoCamp Berkeley_cl_2	#008000	cl_2
Kentaro Toyama	Thejo Kote	Kentaro Toyama_Thejo Kote_cl_3	#FF6600	cl_3
Kelsey Clubb	datascience@berkeley	Kelsey Clubb_datascience@berkeley_cl_8	#800000	cl_8
Kelsey Clubb	2U	Kelsey Clubb_2U_cl_8	#800000	cl_8
Kelsey Clubb	Milad	Kelsey Clubb_Milad_cl_8	#800000	cl_8
Yiming	Andy Brooks	Yiming_Andy Brooks_cl_4	#00FF00	cl_4
Yiming	Kesava	Yiming_Kesava_cl_4	#00FF00	cl_4
Yiming	UC Berkeley CalMail	Yiming_UC Berkeley CalMail_cl_4	#00FF00	cl_4
Yiming	Kevin Mateo Lim	Yiming_Kevin Mateo Lim_cl_4	#00FF00	cl_4
Deb	Sandra Yuen Helsley	Deb_Sandra Yuen Helsley_cl_7	#FFCC00	cl_7
Michael Manoochehri	Mohit Gupta	Michael Manoochehri_Mohit Gupta_cl_5	#00FF00	cl_5
Michael Manoochehri	Yo-Shang	Michael Manoochehri_Yo-Shang_cl_5	#00FF00	cl_5
Michael Manoochehri	Jess Hemerly	Michael Manoochehri_Jess Hemerly_cl_5	#00FF00	cl_5
Berkeley Carillon	Rowyn	Berkeley Carillon_Rowyn_cl_7	#FFCC00	cl_7
Berkeley Carillon	Jonathan Henke	Berkeley Carillon_Jonathan Henke_cl_7	#FFCC00	cl_7
Mark Brazinski	Cal	Mark Brazinski_Cal_cl_10	#FF0000	cl_10
Thomas Schluchter	Monica Rosenberg	Thomas Schluchter_Monica Rosenberg_cl_3	#FF6600	cl_3
Thomas Schluchter	kristine ng	Thomas Schluchter_kristine ng_cl_3	#FF6600	cl_3
Tia Foss	Corey Hyllested	Tia Foss_Corey Hyllested_cl_7	#FFCC00	cl_7
suzanne	Tapan Parikh	suzanne_Tapan Parikh_cl_1	#0000FF	cl_1
Yuri Takhteyev	Gilbert Hernandez	Yuri Takhteyev_Gilbert Hernandez_cl_5	#00FF00	cl_5
Ryan Shaw	Bob Glushko	Ryan Shaw_Bob Glushko_cl_10	#FF0000	cl_10
Drinkly App	Mohit Gupta	Drinkly App_Mohit Gupta_cl_5	#00FF00	cl_5
berkeleyByte	CITRIS	berkeleyByte_CITRIS_cl_9	#FF3300	cl_9
Rachelle Annechino	Michael Porath	Rachelle Annechino_Michael Porath_cl_5	#00FF00	cl_5
Rachelle Annechino	Jess Hemerly	Rachelle Annechino_Jess Hemerly_cl_5	#00FF00	cl_5
Rachelle Annechino	Anno Saxenian	Rachelle Annechino_Anno Saxenian_cl_5	#00FF00	cl_5
Rachelle Annechino	Yo-Shang	Rachelle Annechino_Yo-Shang_cl_5	#00FF00	cl_5
Galen Panger	Elaine Sedenberg	Galen Panger_Elaine Sedenberg_cl_6	#000080	cl_6
Galen Panger	Elizabeth Goodman	Galen Panger_Elizabeth Goodman_cl_6	#000080	cl_6
Galen Panger	Karen Rustad	Galen Panger_Karen Rustad_cl_6	#000080	cl_6
Galen Panger	Kiki L	Galen Panger_Kiki L_cl_6	#000080	cl_6
Sebastian Benthall	The Tweetserve	Sebastian Benthall_The Tweetserve_cl_10	#FF0000	cl_10
Nathan Gandomi	Center for NGTL	Nathan Gandomi_Center for NGTL_cl_6	#000080	cl_6
Dhawal Mujumdar	Cal	Dhawal Mujumdar_Cal_cl_10	#FF0000	cl_10
Dhawal Mujumdar	nym	Dhawal Mujumdar_nym_cl_10	#FF0000	cl_10
iSchools	LindsayT	iSchools_LindsayT_cl_9	#FF3300	cl_9
iSchools	Working w/ Open Data	iSchools_Working w/ Open Data_cl_9	#FF3300	cl_9
iSchools	Raymond Yee	iSchools_Raymond Yee_cl_9	#FF3300	cl_9
iSchools	iNaturalist	iSchools_iNaturalist_cl_9	#FF3300	cl_9
ruchita rathi	Ankita Bhosle	ruchita rathi_Ankita Bhosle_cl_8	#800000	cl_8
ruchita rathi	Robyn Perry	ruchita rathi_Robyn Perry_cl_8	#800000	cl_8
ManoMarks	danah boyd	ManoMarks_danah boyd_cl_1	#0000FF	cl_1
ManoMarks	Sarita Y Schoenebeck	ManoMarks_Sarita Y Schoenebeck_cl_1	#0000FF	cl_1
Mariel Honigman	Seema Hari	Mariel Honigman_Seema Hari_cl_2	#008000	cl_2
Mariel Honigman	D-Lab	Mariel Honigman_D-Lab_cl_2	#008000	cl_2
Mariel Honigman	I School Hackathon	Mariel Honigman_I School Hackathon_cl_2	#008000	cl_2
ethnographymatters	danah boyd	ethnographymatters_danah boyd_cl_1	#0000FF	cl_1
Ariel Chait	Acopio	Ariel Chait_Acopio_cl_8	#800000	cl_8
Mapestry	Ryan McAdam	Mapestry_Ryan McAdam_cl_1	#0000FF	cl_1
Airi Lampinen	Michael Porath	Airi Lampinen_Michael Porath_cl_5	#00FF00	cl_5
Airi Lampinen	Nick Doty	Airi Lampinen_Nick Doty_cl_5	#00FF00	cl_5
Airi Lampinen	Anno Saxenian	Airi Lampinen_Anno Saxenian_cl_5	#00FF00	cl_5
Airi Lampinen	&#50976;&#46041;&#44540; Travis Yoo	Airi Lampinen_&#50976;&#46041;&#44540; Travis Yoo_cl_5	#00FF00	cl_5
Airi Lampinen	Mohit Gupta	Airi Lampinen_Mohit Gupta_cl_5	#00FF00	cl_5
ignacioperez	Pop Up Archive	ignacioperez_Pop Up Archive_cl_4	#00FF00	cl_4
Michael Porath	Gilbert Hernandez	Michael Porath_Gilbert Hernandez_cl_5	#00FF00	cl_5
Michael Porath	Mohit Gupta	Michael Porath_Mohit Gupta_cl_5	#00FF00	cl_5
Michael Porath	Alex Smolen	Michael Porath_Alex Smolen_cl_5	#00FF00	cl_5
Michael Porath	Paul D Goodman	Michael Porath_Paul D Goodman_cl_5	#00FF00	cl_5
Michael Porath	Prayag Narula	Michael Porath_Prayag Narula_cl_5	#00FF00	cl_5
Michael Porath	Jess Hemerly	Michael Porath_Jess Hemerly_cl_5	#00FF00	cl_5
Michael Porath	Nick Doty	Michael Porath_Nick Doty_cl_5	#00FF00	cl_5
Michael Porath	nicolewong	Michael Porath_nicolewong_cl_5	#00FF00	cl_5
Michael Porath	Anno Saxenian	Michael Porath_Anno Saxenian_cl_5	#00FF00	cl_5
Michael Porath	Yo-Shang	Michael Porath_Yo-Shang_cl_5	#00FF00	cl_5
D-Lab	I School Hackathon	D-Lab_I School Hackathon_cl_2	#008000	cl_2
D-Lab	Seema Hari	D-Lab_Seema Hari_cl_2	#008000	cl_2
D-Lab	Shaun Guice	D-Lab_Shaun Guice_cl_2	#008000	cl_2
D-Lab	Dave Lester	D-Lab_Dave Lester_cl_2	#008000	cl_2
D-Lab	InfoCamp Berkeley	D-Lab_InfoCamp Berkeley_cl_2	#008000	cl_2
Alex Chung	Cal	Alex Chung_Cal_cl_10	#FF0000	cl_10
Alex Chung	The Tweetserve	Alex Chung_The Tweetserve_cl_10	#FF0000	cl_10
Leslie Tom	Gilbert Hernandez	Leslie Tom_Gilbert Hernandez_cl_5	#00FF00	cl_5
Leslie Tom	Mohit Gupta	Leslie Tom_Mohit Gupta_cl_5	#00FF00	cl_5
Monica Rosenberg	kristine ng	Monica Rosenberg_kristine ng_cl_3	#FF6600	cl_3
Sarah Van Wart	Ryan McAdam	Sarah Van Wart_Ryan McAdam_cl_1	#0000FF	cl_1
Sarah Van Wart	Kate Hsiao	Sarah Van Wart_Kate Hsiao_cl_1	#0000FF	cl_1
Sarah Van Wart	Tapan Parikh	Sarah Van Wart_Tapan Parikh_cl_1	#0000FF	cl_1
X to the M	Divya	X to the M_Divya_cl_2	#008000	cl_2
X to the M	Shreyas	X to the M_Shreyas_cl_2	#008000	cl_2
X to the M	Seema Hari	X to the M_Seema Hari_cl_2	#008000	cl_2
X to the M	Jake Hartnell	X to the M_Jake Hartnell_cl_2	#008000	cl_2
X to the M	I School Hackathon	X to the M_I School Hackathon_cl_2	#008000	cl_2
Hong	South Hall, Berkeley	Hong_South Hall, Berkeley_cl_7	#FFCC00	cl_7
Jeff Zych	Gilbert Hernandez	Jeff Zych_Gilbert Hernandez_cl_5	#00FF00	cl_5
MobileWorks	Prayag Narula	MobileWorks_Prayag Narula_cl_5	#00FF00	cl_5
Ivan Tam	Jackson Hull	Ivan Tam_Jackson Hull_cl_10	#FF0000	cl_10
Dave Lester	Shreyas	Dave Lester_Shreyas_cl_2	#008000	cl_2
Dave Lester	Seema Hari	Dave Lester_Seema Hari_cl_2	#008000	cl_2
Dave Lester	Shaun Guice	Dave Lester_Shaun Guice_cl_2	#008000	cl_2
Dave Lester	Jake Hartnell	Dave Lester_Jake Hartnell_cl_2	#008000	cl_2
Dave Lester	Arezu Aghaseyedjavad	Dave Lester_Arezu Aghaseyedjavad_cl_2	#008000	cl_2
Dave Lester	InfoCamp Berkeley	Dave Lester_InfoCamp Berkeley_cl_2	#008000	cl_2
Inpica	j. w.	Inpica_j. w._cl_1	#0000FF	cl_1
Annette Greiner	Niranjan K	Annette Greiner_Niranjan K_cl_3	#FF6600	cl_3
Thejo Kote	Niranjan K	Thejo Kote_Niranjan K_cl_3	#FF6600	cl_3
Thejo Kote	Transporter	Thejo Kote_Transporter_cl_3	#FF6600	cl_3
Thejo Kote	Roy Bahat	Thejo Kote_Roy Bahat_cl_3	#FF6600	cl_3
Cal	Jackson Hull	Cal_Jackson Hull_cl_10	#FF0000	cl_10
Scott Young, M.D.	Anno Saxenian	Scott Young, M.D._Anno Saxenian_cl_5	#00FF00	cl_5
Jim	Seema Hari	Jim_Seema Hari_cl_2	#008000	cl_2
Jim	Divya	Jim_Divya_cl_2	#008000	cl_2
Jim	Shreyas	Jim_Shreyas_cl_2	#008000	cl_2
Christina Pham	Sandra Yuen Helsley	Christina Pham_Sandra Yuen Helsley_cl_7	#FFCC00	cl_7
Jess Hemerly	nicolewong	Jess Hemerly_nicolewong_cl_5	#00FF00	cl_5
Jess Hemerly	Nick Doty	Jess Hemerly_Nick Doty_cl_5	#00FF00	cl_5
Jess Hemerly	Prayag Narula	Jess Hemerly_Prayag Narula_cl_5	#00FF00	cl_5
Jess Hemerly	Anno Saxenian	Jess Hemerly_Anno Saxenian_cl_5	#00FF00	cl_5
Jess Hemerly	Alex Smolen	Jess Hemerly_Alex Smolen_cl_5	#00FF00	cl_5
Jess Hemerly	Paul D Goodman	Jess Hemerly_Paul D Goodman_cl_5	#00FF00	cl_5
Ankita Goyal	Ayush Khanna	Ankita Goyal_Ayush Khanna_cl_8	#800000	cl_8
Ankita Goyal	Satish Polisetti	Ankita Goyal_Satish Polisetti_cl_8	#800000	cl_8
Ankita Goyal	edumile.org	Ankita Goyal_edumile.org_cl_8	#800000	cl_8
Sebastian Fuenzalida	South Hall, Berkeley	Sebastian Fuenzalida_South Hall, Berkeley_cl_7	#FFCC00	cl_7
Isha Dandavate	Shreyas	Isha Dandavate_Shreyas_cl_2	#008000	cl_2
Isha Dandavate	Seema Hari	Isha Dandavate_Seema Hari_cl_2	#008000	cl_2
Isha Dandavate	Shaun Guice	Isha Dandavate_Shaun Guice_cl_2	#008000	cl_2
Isha Dandavate	I School Hackathon	Isha Dandavate_I School Hackathon_cl_2	#008000	cl_2
Isha Dandavate	Jake Hartnell	Isha Dandavate_Jake Hartnell_cl_2	#008000	cl_2
Isha Dandavate	InfoCamp Berkeley	Isha Dandavate_InfoCamp Berkeley_cl_2	#008000	cl_2
Jen King	Rowyn	Jen King_Rowyn_cl_7	#FFCC00	cl_7
Chalenge	Shreyas	Chalenge_Shreyas_cl_2	#008000	cl_2
Chalenge	Arezu Aghaseyedjavad	Chalenge_Arezu Aghaseyedjavad_cl_2	#008000	cl_2
Chalenge	Shaun Guice	Chalenge_Shaun Guice_cl_2	#008000	cl_2
Chalenge	InfoCamp Berkeley	Chalenge_InfoCamp Berkeley_cl_2	#008000	cl_2
Scott Martin&#8480;	Seema Hari	Scott Martin&#8480;_Seema Hari_cl_2	#008000	cl_2
Scott Martin&#8480;	Shaun Guice	Scott Martin&#8480;_Shaun Guice_cl_2	#008000	cl_2
Scott Martin&#8480;	Jake Hartnell	Scott Martin&#8480;_Jake Hartnell_cl_2	#008000	cl_2
Anirvan Chatterjee	UC Berkeley News	Anirvan Chatterjee_UC Berkeley News_cl_8	#800000	cl_8
Robyn Perry	UC Berkeley News	Robyn Perry_UC Berkeley News_cl_8	#800000	cl_8
Working w/ Open Data	Raymond Yee	Working w/ Open Data_Raymond Yee_cl_9	#FF3300	cl_9
datascience@berkeley	2U	datascience@berkeley_2U_cl_8	#800000	cl_8
datascience@berkeley	Milad	datascience@berkeley_Milad_cl_8	#800000	cl_8
Shreyas	Brian Bloomer	Shreyas_Brian Bloomer_cl_2	#008000	cl_2
Shreyas	Divya	Shreyas_Divya_cl_2	#008000	cl_2
Shreyas	Shaun Guice	Shreyas_Shaun Guice_cl_2	#008000	cl_2
Shreyas	Jake Hartnell	Shreyas_Jake Hartnell_cl_2	#008000	cl_2
Shreyas	Seema Hari	Shreyas_Seema Hari_cl_2	#008000	cl_2
Shreyas	InfoCamp Berkeley	Shreyas_InfoCamp Berkeley_cl_2	#008000	cl_2
Satish Polisetti	edumile.org	Satish Polisetti_edumile.org_cl_8	#800000	cl_8
Katey Basye	Arezu Aghaseyedjavad	Katey Basye_Arezu Aghaseyedjavad_cl_2	#008000	cl_2
Katey Basye	Shaun Guice	Katey Basye_Shaun Guice_cl_2	#008000	cl_2
danah boyd	Jenna Burrell	danah boyd_Jenna Burrell_cl_1	#0000FF	cl_1
danah boyd	Tapan Parikh	danah boyd_Tapan Parikh_cl_1	#0000FF	cl_1
danah boyd	Neha Kumar	danah boyd_Neha Kumar_cl_1	#0000FF	cl_1
danah boyd	Sarita Y Schoenebeck	danah boyd_Sarita Y Schoenebeck_cl_1	#0000FF	cl_1
danah boyd	Alex Braunstein	danah boyd_Alex Braunstein_cl_1	#0000FF	cl_1
danah boyd	Emily Barabas	danah boyd_Emily Barabas_cl_1	#0000FF	cl_1
danah boyd	Ryan McAdam	danah boyd_Ryan McAdam_cl_1	#0000FF	cl_1
Christen Penny	Anne Wootton	Christen Penny_Anne Wootton_cl_4	#00FF00	cl_4
Ian McDowell	Alex Smolen	Ian McDowell_Alex Smolen_cl_5	#00FF00	cl_5
nym	Seongtaek Lim	nym_Seongtaek Lim_cl_10	#FF0000	cl_10
Arezu Aghaseyedjavad	Brian Bloomer	Arezu Aghaseyedjavad_Brian Bloomer_cl_2	#008000	cl_2
Arezu Aghaseyedjavad	Seema Hari	Arezu Aghaseyedjavad_Seema Hari_cl_2	#008000	cl_2
Arezu Aghaseyedjavad	Shaun Guice	Arezu Aghaseyedjavad_Shaun Guice_cl_2	#008000	cl_2
Arezu Aghaseyedjavad	Jake Hartnell	Arezu Aghaseyedjavad_Jake Hartnell_cl_2	#008000	cl_2
Arezu Aghaseyedjavad	I School Hackathon	Arezu Aghaseyedjavad_I School Hackathon_cl_2	#008000	cl_2
Anne Wootton	Pop Up Archive	Anne Wootton_Pop Up Archive_cl_4	#00FF00	cl_4
Anne Wootton	Bailey Smith	Anne Wootton_Bailey Smith_cl_4	#00FF00	cl_4
Morten T. Hansen	Saghar	Morten T. Hansen_Saghar_cl_6	#000080	cl_6
j. w.	Ryan McAdam	j. w._Ryan McAdam_cl_1	#0000FF	cl_1
j. w.	Tapan Parikh	j. w._Tapan Parikh_cl_1	#0000FF	cl_1
South Hall, Berkeley	Sandra Yuen Helsley	South Hall, Berkeley_Sandra Yuen Helsley_cl_7	#FFCC00	cl_7
South Hall, Berkeley	&#10025; sean savage &#10025;	South Hall, Berkeley_&#10025; sean savage &#10025;_cl_7	#FFCC00	cl_7
South Hall, Berkeley	Jonathan Henke	South Hall, Berkeley_Jonathan Henke_cl_7	#FFCC00	cl_7
Bailey Smith	Pop Up Archive	Bailey Smith_Pop Up Archive_cl_4	#00FF00	cl_4
Neha Kumar	Tapan Parikh	Neha Kumar_Tapan Parikh_cl_1	#0000FF	cl_1
Neha Kumar	Ishita Ghosh	Neha Kumar_Ishita Ghosh_cl_1	#0000FF	cl_1
Ryan McAdam	Emily Barabas	Ryan McAdam_Emily Barabas_cl_1	#0000FF	cl_1
Ryan McAdam	Jenna Burrell	Ryan McAdam_Jenna Burrell_cl_1	#0000FF	cl_1
Ryan McAdam	Tapan Parikh	Ryan McAdam_Tapan Parikh_cl_1	#0000FF	cl_1
Anno Saxenian	Gilbert Hernandez	Anno Saxenian_Gilbert Hernandez_cl_5	#00FF00	cl_5
Yo-Shang	Mohit Gupta	Yo-Shang_Mohit Gupta_cl_5	#00FF00	cl_5
InfoCamp Berkeley	Brian Bloomer	InfoCamp Berkeley_Brian Bloomer_cl_2	#008000	cl_2
InfoCamp Berkeley	Divya	InfoCamp Berkeley_Divya_cl_2	#008000	cl_2
InfoCamp Berkeley	Shaun Guice	InfoCamp Berkeley_Shaun Guice_cl_2	#008000	cl_2
InfoCamp Berkeley	Seema Hari	InfoCamp Berkeley_Seema Hari_cl_2	#008000	cl_2
Kate Hsiao	Tapan Parikh	Kate Hsiao_Tapan Parikh_cl_1	#0000FF	cl_1
NextDrop	Tapan Parikh	NextDrop_Tapan Parikh_cl_1	#0000FF	cl_1
Raymond Yee	iNaturalist	Raymond Yee_iNaturalist_cl_9	#FF3300	cl_9
Raymond Yee	LindsayT	Raymond Yee_LindsayT_cl_9	#FF3300	cl_9
Raymond Yee	FuturePress	Raymond Yee_FuturePress_cl_9	#FF3300	cl_9
Jenna Burrell	Ishita Ghosh	Jenna Burrell_Ishita Ghosh_cl_1	#0000FF	cl_1
Jenna Burrell	Tapan Parikh	Jenna Burrell_Tapan Parikh_cl_1	#0000FF	cl_1
Mohit Gupta	Nick Doty	Mohit Gupta_Nick Doty_cl_5	#00FF00	cl_5
Mohit Gupta	Jez Humble	Mohit Gupta_Jez Humble_cl_5	#00FF00	cl_5
Mohit Gupta	Gilbert Hernandez	Mohit Gupta_Gilbert Hernandez_cl_5	#00FF00	cl_5
Mohit Gupta	Alex Smolen	Mohit Gupta_Alex Smolen_cl_5	#00FF00	cl_5
Paul D Goodman	Prayag Narula	Paul D Goodman_Prayag Narula_cl_5	#00FF00	cl_5
Paul D Goodman	nicolewong	Paul D Goodman_nicolewong_cl_5	#00FF00	cl_5
Paul D Goodman	Alex Smolen	Paul D Goodman_Alex Smolen_cl_5	#00FF00	cl_5
Ishita Ghosh	Tapan Parikh	Ishita Ghosh_Tapan Parikh_cl_1	#0000FF	cl_1
Prayag Narula	nicolewong	Prayag Narula_nicolewong_cl_5	#00FF00	cl_5
Alex Smolen	Gilbert Hernandez	Alex Smolen_Gilbert Hernandez_cl_5	#00FF00	cl_5
iNaturalist	LindsayT	iNaturalist_LindsayT_cl_9	#FF3300	cl_9
Niranjan K	Kimra	Niranjan K_Kimra_cl_3	#FF6600	cl_3
Nick Doty	Gilbert Hernandez	Nick Doty_Gilbert Hernandez_cl_5	#00FF00	cl_5
Nick Doty	Jez Humble	Nick Doty_Jez Humble_cl_5	#00FF00	cl_5
SONALI SHARMA	Gilbert Hernandez	SONALI SHARMA_Gilbert Hernandez_cl_5	#00FF00	cl_5
Divya	Seema Hari	Divya_Seema Hari_cl_2	#008000	cl_2
Divya	Shaun Guice	Divya_Shaun Guice_cl_2	#008000	cl_2
Divya	Jake Hartnell	Divya_Jake Hartnell_cl_2	#008000	cl_2
Gilbert Hernandez	Andrew Chao	Gilbert Hernandez_Andrew Chao_cl_5	#00FF00	cl_5
Shaun Guice	I School Hackathon	Shaun Guice_I School Hackathon_cl_2	#008000	cl_2
Shaun Guice	Jake Hartnell	Shaun Guice_Jake Hartnell_cl_2	#008000	cl_2
Seema Hari	I School Hackathon	Seema Hari_I School Hackathon_cl_2	#008000	cl_2

